title,rating,popularity,category,release_date
Batman: Knightfall Part 1: Knightfall,9.158,63.7476,top_rated,2026-06-23
Batman: Knightfall Part 1: Knightfall,9.158,63.7476,popular,2026-06-23
Avatar Aang: The Last Airbender,9.147,72.7436,popular,2026-07-24
Avatar Aang: The Last Airbender,9.145,72.7436,top_rated,2026-07-24
Once Upon a Time in the Middle East,9.073,11.8697,upcoming,2026-08-08
Puella Magi Madoka Magica the Movie -Walpurgisnacht: Rising-,9.0,28.776,now_playing,2026-08-28
Puella Magi Madoka Magica the Movie -Walpurgisnacht: Rising-,9.0,28.776,upcoming,2026-08-28
Swapped,8.868,38.737,top_rated,2026-05-01
Accidental Partners,8.838,14.9016,top_rated,2026-03-12
Demon Slayer: Kimetsu no Yaiba Infinity Castle,8.802,59.1078,popular,2025-07-18
Demon Slayer: Kimetsu no Yaiba Infinity Castle,8.801,59.1078,top_rated,2025-07-18
Facing El Chapo,8.791,80.8496,top_rated,2026-08-21
Facing El Chapo,8.791,80.8496,popular,2026-08-21
Facing El Chapo,8.791,80.8496,now_playing,2026-08-21
The Shawshank Redemption,8.731,67.511,top_rated,1994-09-23
The Shawshank Redemption,8.731,67.511,popular,1994-09-23
The Shawshank Redemption,8.731,67.511,now_playing,1994-09-23
The Godfather,8.688,63.3707,top_rated,1972-03-14
The Godfather,8.688,63.3707,popular,1972-03-14
Michael,8.628,52.0036,top_rated,2026-04-22
Michael,8.628,52.0036,popular,2026-04-22
Michael,8.628,52.0036,now_playing,2026-04-22
Project Hail Mary,8.6,101.9608,top_rated,2026-03-15
Project Hail Mary,8.6,101.9608,popular,2026-03-15
La bola negra,8.6,14.6835,upcoming,2026-09-25
Young Hearts,8.591,17.517,top_rated,2024-10-26
The Godfather Part II,8.573,37.9594,top_rated,1974-12-20
12 Angry Men,8.572,35.295,top_rated,1957-04-10
Schindler's List,8.569,31.1797,top_rated,1993-12-15
Chainsaw Man - The Movie: Reze Arc,8.554,29.7213,top_rated,2025-09-19
The Dark Knight,8.536,63.6572,top_rated,2008-07-16
The Dark Knight,8.536,63.6572,popular,2008-07-16
Spirited Away,8.535,40.0203,top_rated,2001-07-20
The Green Mile,8.506,41.0759,top_rated,1999-12-10
The Lord of the Rings: The Return of the King,8.505,49.6711,top_rated,2003-12-17
Dilwale Dulhania Le Jayenge,8.504,13.6059,top_rated,1995-10-20
Parasite,8.49,38.221,top_rated,2019-05-30
Interstellar,8.488,73.4799,top_rated,2014-11-05
Interstellar,8.488,73.4799,popular,2014-11-05
Your Name.,8.487,29.5393,top_rated,2016-07-01
Your Name.,8.487,29.5393,now_playing,2016-07-01
Pulp Fiction,8.48,49.8321,top_rated,1994-09-10
"The Good, the Bad and the Ugly",8.468,28.455,top_rated,1966-12-23
Harakiri,8.464,10.69,top_rated,1962-09-15
Forrest Gump,8.461,38.7929,top_rated,1994-06-23
Seven Samurai,8.453,16.4183,top_rated,1954-04-26
Grave of the Fireflies,8.45,0.0194,top_rated,1988-04-16
GoodFellas,8.45,30.3217,top_rated,1990-09-12
¿Quieres ser mi hijo?,8.449,7.2839,top_rated,2023-09-21
The Lord of the Rings: The Fellowship of the Ring,8.445,53.546,top_rated,2001-12-18
